{
  "accuracy": 0.7975000143051147,
  "loss": 0.42878052592277527,
  "val_accuracy": 0.7850000262260437,
  "val_loss": 0.48010092973709106,
  "epoch": 4,
  "global_step": 65
}